Epoch,Batch,E loss
0,0,0.697211742401123
0,5,0.4457870125770569
0,10,0.40805643796920776
0,15,0.3966173231601715
0,20,0.28298476338386536
0,25,0.3729074001312256
0,30,0.3198741376399994
0,35,0.3678838312625885
0,40,0.3723439872264862
0,45,0.34727349877357483
0,50,0.30287712812423706
0,55,0.3590043783187866
0,60,0.31254616379737854
0,65,0.3561111390590668
0,70,0.27389392256736755
0,75,0.348449170589447
0,80,0.3344400227069855
0,85,0.27694281935691833
0,90,0.30318236351013184
0,95,0.3639744520187378
0,100,0.29564011096954346
0,105,0.3998410999774933
0,110,0.3310356140136719
0,115,0.3113352060317993
0,120,0.3037143349647522
0,125,0.2582917809486389
0,130,0.26015472412109375
0,135,0.330867201089859
0,140,0.30248454213142395
0,145,0.3399851620197296
0,150,0.3410646617412567
0,155,0.2733862102031708
0,160,0.3276364505290985
0,165,0.31540367007255554
0,170,0.3153756260871887
0,175,0.35791757702827454
0,180,0.2975386381149292
0,185,0.29099199175834656
0,190,0.304252564907074
0,195,0.279877632856369
0,200,0.2532721161842346
0,205,0.28290873765945435
0,210,0.3729648292064667
0,215,0.2621070146560669
0,220,0.30222681164741516
0,225,0.29915928840637207
0,230,0.3083224296569824
0,235,0.25601375102996826
0,240,0.3237954080104828
0,245,0.33557939529418945
0,250,0.30186861753463745
0,255,0.33790087699890137
0,260,0.26746129989624023
0,265,0.26897287368774414
0,270,0.2961500287055969
0,275,0.31363993883132935
0,280,0.32774800062179565
0,285,0.34848514199256897
0,290,0.2576499581336975
0,295,0.2739424407482147
0,300,0.28467804193496704
0,305,0.31405553221702576
0,310,0.2786898612976074
0,315,0.2550760507583618
0,320,0.2771383225917816
0,325,0.28367388248443604
0,330,0.2618630826473236
0,335,0.27627861499786377
0,340,0.30333346128463745
0,345,0.27175480127334595
0,350,0.2886885404586792
0,355,0.27040761709213257
0,360,0.30336546897888184
0,365,0.31671273708343506
0,370,0.2762035131454468
0,375,0.25097477436065674
0,380,0.2622884511947632
0,385,0.30191850662231445
0,390,0.2891148328781128
0,395,0.26837602257728577
0,400,0.2829046845436096
0,405,0.2702920734882355
0,410,0.2596372365951538
0,415,0.2768765985965729
0,420,0.2554151713848114
0,425,0.2332874983549118
0,430,0.3431302011013031
0,435,0.26879391074180603
0,440,0.3439348042011261
0,445,0.31210723519325256
0,450,0.2937127351760864
0,455,0.281957745552063
0,460,0.27911466360092163
0,465,0.30796748399734497
0,470,0.2820858955383301
0,475,0.2827460765838623
0,480,0.24991416931152344
0,485,0.2723275125026703
0,490,0.2619675099849701
0,495,0.2866811454296112
0,500,0.2925705313682556
0,505,0.31706297397613525
0,510,0.3306487202644348
0,515,0.25829121470451355
0,520,0.28544631600379944
0,525,0.2545415461063385
0,530,0.2773105502128601
0,535,0.37830668687820435
0,540,0.22801819443702698
0,545,0.23539245128631592
0,550,0.24625971913337708
0,555,0.2769474983215332
0,560,0.23869070410728455
0,565,0.2678346335887909
0,570,0.26008227467536926
0,575,0.3159789443016052
0,580,0.29344990849494934
0,585,0.3646175265312195
0,590,0.24065519869327545
0,595,0.3016166388988495
0,600,0.31023213267326355
0,605,0.31647518277168274
0,610,0.26460757851600647
0,615,0.2421024739742279
0,620,0.2662975788116455
0,625,0.3103547692298889
0,630,0.28381186723709106
0,635,0.2490125596523285
0,640,0.2653794586658478
0,645,0.22604255378246307
0,650,0.24918606877326965
0,655,0.23574668169021606
0,660,0.2950412929058075
0,665,0.2956658601760864
0,670,0.3076785206794739
0,675,0.24413686990737915
0,680,0.3080063462257385
0,685,0.23637771606445312
0,690,0.23196277022361755
0,695,0.2802250385284424
0,700,0.32212144136428833
0,705,0.2940155267715454
0,710,0.23501965403556824
0,715,0.3009289801120758
0,720,0.2498675137758255
0,725,0.34636256098747253
0,730,0.2514881491661072
0,735,0.21553274989128113
0,740,0.26067662239074707
0,745,0.26048752665519714
0,750,0.3266030550003052
0,755,0.3078993260860443
0,760,0.29272717237472534
0,765,0.1814483255147934
0,770,0.2787924110889435
0,775,0.26289287209510803
0,780,0.26250171661376953
0,785,0.2502720355987549
0,790,0.2534162402153015
0,795,0.18977195024490356
0,800,0.344762921333313
0,805,0.25999388098716736
0,810,0.303834468126297
0,815,0.27006101608276367
0,820,0.2077699899673462
0,825,0.2437644600868225
0,830,0.26293686032295227
0,835,0.2810600697994232
0,840,0.3005540370941162
0,845,0.272749662399292
0,850,0.2817312777042389
0,855,0.2882843315601349
0,860,0.28216275572776794
0,865,0.2851896584033966
0,870,0.20608338713645935
0,875,0.30390664935112
0,880,0.27512240409851074
0,885,0.2511080801486969
0,890,0.20325303077697754
0,895,0.3130350112915039
0,900,0.2306332290172577
0,905,0.2805882394313812
0,910,0.27257412672042847
0,915,0.28469908237457275
0,920,0.2254464030265808
0,925,0.20131909847259521
0,930,0.26393407583236694
0,935,0.25455591082572937
0,940,0.24640995264053345
0,945,0.2263244390487671
0,950,0.26941245794296265
0,955,0.23949328064918518
0,960,0.21839109063148499
0,965,0.31219273805618286
0,970,0.2741914689540863
0,975,0.27608489990234375
0,980,0.26412153244018555
0,985,0.2503274977207184
0,990,0.2816602289676666
0,995,0.2673366963863373
0,1000,0.22959110140800476
0,1005,0.17367838323116302
0,1010,0.25880444049835205
0,1015,0.2621581256389618
0,1020,0.24513496458530426
1,0,0.28665968775749207
1,5,0.2594756484031677
1,10,0.2841964364051819
1,15,0.2958366870880127
1,20,0.20592427253723145
1,25,0.22478556632995605
1,30,0.2425609827041626
1,35,0.27017325162887573
1,40,0.25419652462005615
1,45,0.26723310351371765
1,50,0.2363666296005249
1,55,0.2683141231536865
1,60,0.2501317262649536
1,65,0.2642582952976227
1,70,0.21102623641490936
1,75,0.2515415847301483
1,80,0.27334141731262207
1,85,0.236236572265625
1,90,0.20704001188278198
1,95,0.29188036918640137
1,100,0.21156299114227295
1,105,0.3326714336872101
1,110,0.23374596238136292
1,115,0.23448270559310913
1,120,0.2511661648750305
1,125,0.19895683228969574
1,130,0.21987101435661316
1,135,0.26553046703338623
1,140,0.24452701210975647
1,145,0.2752142548561096
1,150,0.26479586958885193
1,155,0.21817661821842194
1,160,0.27311402559280396
1,165,0.25076261162757874
1,170,0.2603631317615509
1,175,0.2916642725467682
1,180,0.2613380253314972
1,185,0.24061399698257446
1,190,0.2613443434238434
1,195,0.22022482752799988
1,200,0.20389260351657867
1,205,0.22284924983978271
1,210,0.31697016954421997
1,215,0.224470317363739
1,220,0.27544406056404114
1,225,0.2575420141220093
1,230,0.2765355110168457
1,235,0.2115098088979721
1,240,0.2973373830318451
1,245,0.29029929637908936
1,250,0.2704116702079773
1,255,0.23780789971351624
1,260,0.23672837018966675
1,265,0.20598742365837097
1,270,0.2570060193538666
1,275,0.2771230936050415
1,280,0.2667609453201294
1,285,0.2816954553127289
1,290,0.20587196946144104
1,295,0.23064759373664856
1,300,0.2529701292514801
1,305,0.27119162678718567
1,310,0.24010664224624634
1,315,0.2154124528169632
1,320,0.24342238903045654
1,325,0.24295738339424133
1,330,0.21591044962406158
1,335,0.23202049732208252
1,340,0.24607917666435242
1,345,0.24189043045043945
1,350,0.2522011697292328
1,355,0.20655828714370728
1,360,0.26819929480552673
1,365,0.26967310905456543
1,370,0.23162558674812317
1,375,0.21775567531585693
1,380,0.22746126353740692
1,385,0.258469820022583
1,390,0.24325579404830933
1,395,0.22280016541481018
1,400,0.23570874333381653
1,405,0.23855015635490417
1,410,0.2244792878627777
1,415,0.23230096697807312
1,420,0.21144910156726837
1,425,0.1726776659488678
1,430,0.3134695291519165
1,435,0.23896917700767517
1,440,0.2955176532268524
1,445,0.28395166993141174
1,450,0.2631674110889435
1,455,0.22931671142578125
1,460,0.24360397458076477
1,465,0.276748925447464
1,470,0.2511121928691864
1,475,0.2412586361169815
1,480,0.20648741722106934
1,485,0.23934730887413025
1,490,0.22184570133686066
1,495,0.26375749707221985
1,500,0.2670712172985077
1,505,0.2837885618209839
1,510,0.27205878496170044
1,515,0.23658141493797302
1,520,0.24640226364135742
1,525,0.22127220034599304
1,530,0.22782686352729797
1,535,0.31817394495010376
1,540,0.19718825817108154
1,545,0.20290759205818176
1,550,0.2208639681339264
1,555,0.23485863208770752
1,560,0.20594066381454468
1,565,0.235737144947052
1,570,0.23409107327461243
1,575,0.26935669779777527
1,580,0.25422975420951843
1,585,0.31036797165870667
1,590,0.2061772346496582
1,595,0.24646124243736267
1,600,0.28136393427848816
1,605,0.2637649178504944
1,610,0.24334555864334106
1,615,0.20586442947387695
1,620,0.22838881611824036
1,625,0.27962419390678406
1,630,0.25651225447654724
1,635,0.22465983033180237
1,640,0.24451416730880737
1,645,0.1975000500679016
1,650,0.21606943011283875
1,655,0.20221905410289764
1,660,0.25111690163612366
1,665,0.2596774697303772
1,670,0.26090431213378906
1,675,0.21198874711990356
1,680,0.27903589606285095
1,685,0.20702415704727173
1,690,0.21031680703163147
1,695,0.2421925961971283
1,700,0.2924983501434326
1,705,0.2633419632911682
1,710,0.21698614954948425
1,715,0.2590119540691376
1,720,0.22329458594322205
1,725,0.31317979097366333
1,730,0.22808927297592163
1,735,0.19392070174217224
1,740,0.23550069332122803
1,745,0.21291762590408325
1,750,0.2664157748222351
1,755,0.26006996631622314
1,760,0.2636547386646271
1,765,0.16197623312473297
1,770,0.25021690130233765
1,775,0.22055846452713013
1,780,0.2376326322555542
1,785,0.22066310048103333
1,790,0.21900390088558197
1,795,0.16809093952178955
1,800,0.30592119693756104
1,805,0.23779186606407166
1,810,0.27907511591911316
1,815,0.23547619581222534
1,820,0.17869216203689575
1,825,0.2216121405363083
1,830,0.24723422527313232
1,835,0.2431826889514923
1,840,0.2622656524181366
1,845,0.2371203899383545
1,850,0.2573777735233307
1,855,0.2630317211151123
1,860,0.2492501139640808
1,865,0.2652127742767334
1,870,0.18100935220718384
1,875,0.28045791387557983
1,880,0.2531975209712982
1,885,0.23342767357826233
1,890,0.18464097380638123
1,895,0.28733009099960327
1,900,0.19840067625045776
1,905,0.24912923574447632
1,910,0.2476697564125061
1,915,0.25204625725746155
1,920,0.20571252703666687
1,925,0.17838197946548462
1,930,0.22126084566116333
1,935,0.2364761382341385
1,940,0.20256470143795013
1,945,0.21672847867012024
1,950,0.2433827817440033
1,955,0.2174171656370163
1,960,0.18395639955997467
1,965,0.27675262093544006
1,970,0.2495865523815155
1,975,0.25680968165397644
1,980,0.23893404006958008
1,985,0.23131150007247925
1,990,0.2657122015953064
1,995,0.25197795033454895
1,1000,0.209856778383255
1,1005,0.16056135296821594
1,1010,0.23865646123886108
1,1015,0.2536563575267792
1,1020,0.22154954075813293
2,0,0.2622552216053009
2,5,0.2321588695049286
2,10,0.2531394362449646
2,15,0.2646322250366211
2,20,0.19033125042915344
2,25,0.20028609037399292
2,30,0.213572159409523
2,35,0.24740123748779297
2,40,0.23172789812088013
2,45,0.23916709423065186
2,50,0.2228005975484848
2,55,0.2459215223789215
2,60,0.23027420043945312
2,65,0.24325624108314514
2,70,0.1941249519586563
2,75,0.22534771263599396
2,80,0.24505284428596497
2,85,0.2082442194223404
2,90,0.18582136929035187
2,95,0.2689821720123291
2,100,0.19671836495399475
2,105,0.3148258626461029
2,110,0.221297025680542
2,115,0.21132181584835052
2,120,0.23139946162700653
2,125,0.1889379471540451
2,130,0.19501319527626038
2,135,0.2531919479370117
2,140,0.2216760218143463
2,145,0.24171775579452515
2,150,0.25055721402168274
2,155,0.1936436891555786
2,160,0.23212450742721558
2,165,0.23759335279464722
2,170,0.23023033142089844
2,175,0.2614714503288269
2,180,0.23532238602638245
2,185,0.2122056484222412
2,190,0.2389567792415619
2,195,0.19934973120689392
2,200,0.18937820196151733
2,205,0.2005404829978943
2,210,0.29721108078956604
2,215,0.20891693234443665
2,220,0.24730053544044495
2,225,0.2451220452785492
2,230,0.2549760043621063
2,235,0.19129957258701324
2,240,0.2719567120075226
2,245,0.2686249315738678
2,250,0.24407067894935608
2,255,0.21430447697639465
2,260,0.21468614041805267
2,265,0.18777841329574585
2,270,0.23526737093925476
2,275,0.25436341762542725
2,280,0.2503091096878052
2,285,0.2547474205493927
2,290,0.18699568510055542
2,295,0.21535038948059082
2,300,0.22277548909187317
2,305,0.25494906306266785
2,310,0.23336488008499146
2,315,0.19538183510303497
2,320,0.22401458024978638
2,325,0.22724226117134094
2,330,0.201356440782547
2,335,0.21312394738197327
2,340,0.2460215985774994
2,345,0.23206716775894165
2,350,0.23742085695266724
2,355,0.1944747269153595
2,360,0.24714598059654236
2,365,0.2449568808078766
2,370,0.23270604014396667
2,375,0.18697240948677063
2,380,0.2039351612329483
2,385,0.24973195791244507
2,390,0.23737472295761108
2,395,0.20981848239898682
2,400,0.2187492400407791
2,405,0.22451987862586975
2,410,0.21125978231430054
2,415,0.21445296704769135
2,420,0.19962161779403687
2,425,0.15070320665836334
2,430,0.2843611240386963
2,435,0.2126302421092987
2,440,0.2643747329711914
2,445,0.2657892107963562
2,450,0.24421308934688568
2,455,0.21898044645786285
2,460,0.22841861844062805
2,465,0.2564048171043396
2,470,0.24482184648513794
2,475,0.22433003783226013
2,480,0.20542249083518982
2,485,0.22453945875167847
2,490,0.20030584931373596
2,495,0.2471901774406433
2,500,0.2561175227165222
2,505,0.26056158542633057
2,510,0.2547855079174042
2,515,0.22049689292907715
2,520,0.22837811708450317
2,525,0.21480044722557068
2,530,0.22562843561172485
2,535,0.2945205569267273
2,540,0.18469685316085815
2,545,0.18953880667686462
2,550,0.204941987991333
2,555,0.22146759927272797
2,560,0.20084652304649353
2,565,0.22842848300933838
2,570,0.20979446172714233
2,575,0.26071760058403015
2,580,0.2448749840259552
2,585,0.2855572998523712
2,590,0.18820884823799133
2,595,0.23416808247566223
2,600,0.26777443289756775
2,605,0.2521268129348755
2,610,0.22425514459609985
2,615,0.19523227214813232
2,620,0.22041025757789612
2,625,0.2699589133262634
2,630,0.23357447981834412
2,635,0.20625817775726318
2,640,0.2331327497959137
2,645,0.18448953330516815
2,650,0.21145346760749817
2,655,0.19489151239395142
2,660,0.23375755548477173
2,665,0.2438930720090866
2,670,0.2435961365699768
2,675,0.19599172472953796
2,680,0.27618473768234253
2,685,0.194997638463974
2,690,0.19597551226615906
2,695,0.23924385011196136
2,700,0.2700888514518738
2,705,0.250887393951416
2,710,0.20396313071250916
2,715,0.24655351042747498
2,720,0.21412180364131927
2,725,0.3002413213253021
2,730,0.2139371633529663
2,735,0.18326789140701294
2,740,0.22028276324272156
2,745,0.1936144232749939
2,750,0.24856311082839966
2,755,0.2519899308681488
2,760,0.2504812777042389
2,765,0.152353435754776
2,770,0.23900437355041504
2,775,0.21040579676628113
2,780,0.2298392653465271
2,785,0.21171653270721436
2,790,0.20604515075683594
2,795,0.15340587496757507
2,800,0.2921571135520935
2,805,0.21701058745384216
2,810,0.2655681371688843
2,815,0.22682875394821167
2,820,0.17825359106063843
2,825,0.20777074992656708
2,830,0.2336650788784027
2,835,0.23554491996765137
2,840,0.25035861134529114
2,845,0.23343199491500854
2,850,0.24425916373729706
2,855,0.258514940738678
2,860,0.2404819130897522
2,865,0.24405372142791748
2,870,0.1737947165966034
2,875,0.26876941323280334
2,880,0.23831871151924133
2,885,0.21825295686721802
2,890,0.16114988923072815
2,895,0.27733874320983887
2,900,0.1927945911884308
2,905,0.2391989827156067
2,910,0.2221541702747345
2,915,0.24270667135715485
2,920,0.18638664484024048
2,925,0.17972886562347412
2,930,0.20933839678764343
2,935,0.224808931350708
2,940,0.19853341579437256
2,945,0.1988123059272766
2,950,0.22775891423225403
2,955,0.2044157236814499
2,960,0.18030449748039246
2,965,0.2733722925186157
2,970,0.24095511436462402
2,975,0.2425762414932251
2,980,0.22371253371238708
2,985,0.23026949167251587
2,990,0.24583570659160614
2,995,0.24490508437156677
2,1000,0.20598717033863068
2,1005,0.1514938473701477
2,1010,0.2296750247478485
2,1015,0.2357829213142395
2,1020,0.21147407591342926
3,0,0.26200029253959656
3,5,0.2357599139213562
3,10,0.24357004463672638
3,15,0.2502608299255371
3,20,0.1794642210006714
3,25,0.19130679965019226
3,30,0.19601622223854065
3,35,0.23890754580497742
3,40,0.22445839643478394
3,45,0.2373563051223755
3,50,0.21439841389656067
3,55,0.23954910039901733
3,60,0.2184392511844635
3,65,0.228440523147583
3,70,0.1883884072303772
3,75,0.20930352807044983
3,80,0.23543131351470947
3,85,0.2036285549402237
3,90,0.17049512267112732
3,95,0.2613943815231323
3,100,0.1977933645248413
3,105,0.30645957589149475
3,110,0.21103933453559875
3,115,0.20181743800640106
3,120,0.2207612693309784
3,125,0.17879486083984375
3,130,0.18417511880397797
3,135,0.2313421666622162
3,140,0.20815646648406982
3,145,0.23323512077331543
3,150,0.23707956075668335
3,155,0.1808457225561142
3,160,0.2151569128036499
3,165,0.22542992234230042
3,170,0.22319793701171875
3,175,0.24726969003677368
3,180,0.2278534173965454
3,185,0.20696747303009033
3,190,0.22906097769737244
3,195,0.18621255457401276
3,200,0.17502637207508087
3,205,0.193882018327713
3,210,0.28594163060188293
3,215,0.19470229744911194
3,220,0.24426335096359253
3,225,0.23562487959861755
3,230,0.24481680989265442
3,235,0.1820581704378128
3,240,0.26523059606552124
3,245,0.2536606192588806
3,250,0.22873473167419434
3,255,0.21144962310791016
3,260,0.20145750045776367
3,265,0.17889860272407532
3,270,0.22857993841171265
3,275,0.25576648116111755
3,280,0.24128368496894836
3,285,0.2514899671077728
3,290,0.17920546233654022
3,295,0.1954667866230011
3,300,0.21063216030597687
3,305,0.2516932487487793
3,310,0.2200930416584015
3,315,0.19256138801574707
3,320,0.21791085600852966
3,325,0.21728822588920593
3,330,0.1892557144165039
3,335,0.20835435390472412
3,340,0.24438634514808655
3,345,0.2163284718990326
3,350,0.22298675775527954
3,355,0.18137165904045105
3,360,0.23849141597747803
3,365,0.2358984351158142
3,370,0.22002092003822327
3,375,0.188692107796669
3,380,0.18612255156040192
3,385,0.22848132252693176
3,390,0.2125665247440338
3,395,0.20286981761455536
3,400,0.21049824357032776
3,405,0.2169625163078308
3,410,0.20940101146697998
3,415,0.210668683052063
3,420,0.1841142177581787
3,425,0.14719203114509583
3,430,0.2806636393070221
3,435,0.20469503104686737
3,440,0.26202625036239624
3,445,0.256772518157959
3,450,0.23720498383045197
3,455,0.2086469829082489
3,460,0.21935853362083435
3,465,0.2563692033290863
3,470,0.23395782709121704
3,475,0.2161615788936615
3,480,0.19261975586414337
3,485,0.2179194837808609
3,490,0.1950613260269165
3,495,0.22984254360198975
3,500,0.24292269349098206
3,505,0.2585391700267792
3,510,0.24792760610580444
3,515,0.21762919425964355
3,520,0.22013500332832336
3,525,0.20529517531394958
3,530,0.21109603345394135
3,535,0.2940031886100769
3,540,0.1831628829240799
3,545,0.18910354375839233
3,550,0.2059095799922943
3,555,0.21871532499790192
3,560,0.18788540363311768
3,565,0.21618852019309998
3,570,0.20246845483779907
3,575,0.24960389733314514
3,580,0.23055928945541382
3,585,0.26317298412323
3,590,0.1748606562614441
3,595,0.23085850477218628
3,600,0.2618229389190674
3,605,0.25673937797546387
3,610,0.22228027880191803
3,615,0.18187512457370758
3,620,0.21794196963310242
3,625,0.2613312900066376
3,630,0.224234938621521
3,635,0.19413700699806213
3,640,0.22080926597118378
3,645,0.16795523464679718
3,650,0.20638582110404968
3,655,0.18971845507621765
3,660,0.229084312915802
3,665,0.2406769096851349
3,670,0.23366183042526245
3,675,0.20018108189105988
3,680,0.26186633110046387
3,685,0.1836336851119995
3,690,0.1970420777797699
3,695,0.21846237778663635
3,700,0.26165059208869934
3,705,0.24656298756599426
3,710,0.20324525237083435
3,715,0.24326291680335999
3,720,0.20205238461494446
3,725,0.2912464737892151
3,730,0.21075016260147095
3,735,0.17975914478302002
3,740,0.22202029824256897
3,745,0.1932791769504547
3,750,0.24807775020599365
3,755,0.22735139727592468
3,760,0.24472522735595703
3,765,0.1441112458705902
3,770,0.23525089025497437
3,775,0.21632768213748932
3,780,0.2247139811515808
3,785,0.2085314393043518
3,790,0.2045164704322815
3,795,0.14822082221508026
3,800,0.28541940450668335
3,805,0.22081777453422546
3,810,0.2558947205543518
3,815,0.21933507919311523
3,820,0.1659097671508789
3,825,0.19614700973033905
3,830,0.22229120135307312
3,835,0.23082563281059265
3,840,0.24660585820674896
3,845,0.2255859673023224
3,850,0.2346835434436798
3,855,0.24193739891052246
3,860,0.2332269549369812
3,865,0.24805524945259094
3,870,0.17080053687095642
3,875,0.26052796840667725
3,880,0.227197527885437
3,885,0.21417860686779022
3,890,0.15806733071804047
3,895,0.2687418758869171
3,900,0.1831146478652954
3,905,0.23928844928741455
3,910,0.22642353177070618
3,915,0.23269808292388916
3,920,0.18500906229019165
3,925,0.15958531200885773
3,930,0.20297211408615112
3,935,0.21531668305397034
3,940,0.18724587559700012
3,945,0.19564297795295715
3,950,0.2258211076259613
3,955,0.19474008679389954
3,960,0.16775375604629517
3,965,0.2537645101547241
3,970,0.23916703462600708
3,975,0.2413824498653412
3,980,0.2154824137687683
3,985,0.21503233909606934
3,990,0.24429920315742493
3,995,0.2308352291584015
3,1000,0.19391092658042908
3,1005,0.14596715569496155
3,1010,0.21785441040992737
3,1015,0.23163944482803345
3,1020,0.2047463059425354
4,0,0.2516445517539978
4,5,0.22183474898338318
4,10,0.24375087022781372
4,15,0.24354693293571472
4,20,0.17565511167049408
4,25,0.18131023645401
4,30,0.19581733644008636
4,35,0.2368757128715515
4,40,0.2176552414894104
4,45,0.23570233583450317
4,50,0.20674344897270203
4,55,0.22974953055381775
4,60,0.21628576517105103
4,65,0.21916359663009644
4,70,0.18276385962963104
4,75,0.20974645018577576
4,80,0.22365602850914001
4,85,0.19571124017238617
4,90,0.17325595021247864
4,95,0.27371445298194885
4,100,0.1813124716281891
4,105,0.3032628297805786
4,110,0.2012433409690857
4,115,0.1956489384174347
4,120,0.2179529070854187
4,125,0.16727179288864136
4,130,0.1803129017353058
4,135,0.2409195601940155
4,140,0.20595328509807587
4,145,0.22661423683166504
4,150,0.23319384455680847
4,155,0.1770099699497223
4,160,0.2119617760181427
4,165,0.2194949984550476
4,170,0.2152533084154129
4,175,0.24278956651687622
4,180,0.22241529822349548
4,185,0.19398054480552673
4,190,0.22454869747161865
4,195,0.17789767682552338
4,200,0.16723838448524475
4,205,0.18506577610969543
4,210,0.27897849678993225
4,215,0.19578754901885986
4,220,0.23254239559173584
4,225,0.22287419438362122
4,230,0.23518234491348267
4,235,0.1820586919784546
4,240,0.26674580574035645
4,245,0.2455747425556183
4,250,0.23409324884414673
4,255,0.20543363690376282
4,260,0.19607195258140564
4,265,0.1735929250717163
4,270,0.21886813640594482
4,275,0.24653631448745728
4,280,0.22783350944519043
4,285,0.2448672354221344
4,290,0.1769384890794754
4,295,0.18993297219276428
4,300,0.20559461414813995
4,305,0.24060805141925812
4,310,0.21451592445373535
4,315,0.18474681675434113
4,320,0.20585903525352478
4,325,0.20585128664970398
4,330,0.18921242654323578
4,335,0.20206433534622192
4,340,0.23260745406150818
4,345,0.21414032578468323
4,350,0.22537177801132202
4,355,0.17736996710300446
4,360,0.23762133717536926
4,365,0.22663068771362305
4,370,0.20941361784934998
4,375,0.17161202430725098
4,380,0.18448689579963684
4,385,0.2254645675420761
4,390,0.20304828882217407
4,395,0.19138360023498535
4,400,0.2003013789653778
4,405,0.2055610716342926
4,410,0.2047279179096222
4,415,0.17870870232582092
4,420,0.18851080536842346
4,425,0.13493967056274414
4,430,0.25822508335113525
4,435,0.20088708400726318
4,440,0.25532984733581543
4,445,0.263532429933548
4,450,0.22577379643917084
4,455,0.20855854451656342
4,460,0.21526885032653809
4,465,0.23523154854774475
4,470,0.22091783583164215
4,475,0.21358013153076172
4,480,0.1762402057647705
4,485,0.20889736711978912
4,490,0.1830364614725113
4,495,0.22835853695869446
4,500,0.24511553347110748
4,505,0.24890223145484924
4,510,0.24077032506465912
4,515,0.21472445130348206
4,520,0.20817628502845764
4,525,0.19936248660087585
4,530,0.1912478506565094
4,535,0.26555851101875305
4,540,0.17645899951457977
4,545,0.18493181467056274
4,550,0.19320398569107056
4,555,0.20311957597732544
4,560,0.18502485752105713
4,565,0.21251681447029114
4,570,0.1928418129682541
4,575,0.24073907732963562
4,580,0.23463848233222961
4,585,0.2447143793106079
4,590,0.18160535395145416
4,595,0.2198740541934967
4,600,0.25603270530700684
4,605,0.24343529343605042
4,610,0.21391910314559937
4,615,0.1793065369129181
4,620,0.2102379947900772
4,625,0.25258150696754456
4,630,0.21981465816497803
4,635,0.18919426202774048
4,640,0.21598005294799805
4,645,0.17024430632591248
4,650,0.20204824209213257
4,655,0.1832188367843628
4,660,0.22353613376617432
4,665,0.22943660616874695
4,670,0.2341415286064148
4,675,0.1845916211605072
4,680,0.2537131905555725
4,685,0.18472549319267273
4,690,0.18847066164016724
4,695,0.21493560075759888
4,700,0.25544828176498413
4,705,0.24429449439048767
4,710,0.19561615586280823
4,715,0.2395152449607849
4,720,0.20629680156707764
4,725,0.28238967061042786
4,730,0.21087807416915894
4,735,0.1752791702747345
4,740,0.20581521093845367
4,745,0.18143051862716675
4,750,0.2379935085773468
4,755,0.22121763229370117
4,760,0.2555561065673828
4,765,0.14201632142066956
4,770,0.23217134177684784
4,775,0.20232079923152924
4,780,0.2159239947795868
4,785,0.19972765445709229
4,790,0.20238983631134033
4,795,0.14644087851047516
4,800,0.2849489450454712
4,805,0.22124072909355164
4,810,0.2506530284881592
4,815,0.20801667869091034
4,820,0.15830692648887634
4,825,0.1921299546957016
4,830,0.21136823296546936
4,835,0.2282349318265915
4,840,0.24650031328201294
4,845,0.2171800136566162
4,850,0.24329322576522827
4,855,0.2411700189113617
4,860,0.22193732857704163
4,865,0.240127831697464
4,870,0.15948760509490967
4,875,0.2558557093143463
4,880,0.22602593898773193
4,885,0.20527860522270203
4,890,0.15915518999099731
4,895,0.26046040654182434
4,900,0.1818121075630188
4,905,0.23705676198005676
4,910,0.22143545746803284
4,915,0.2303423136472702
4,920,0.18164625763893127
4,925,0.15495595335960388
4,930,0.18902403116226196
4,935,0.21543976664543152
4,940,0.1840609610080719
4,945,0.19086188077926636
4,950,0.22052191197872162
4,955,0.19205236434936523
4,960,0.15507584810256958
4,965,0.2518150210380554
4,970,0.2281722128391266
4,975,0.2318713665008545
4,980,0.20990046858787537
4,985,0.21487681567668915
4,990,0.23800128698349
4,995,0.23054015636444092
4,1000,0.1881154477596283
4,1005,0.1483209729194641
4,1010,0.22217217087745667
4,1015,0.22513499855995178
4,1020,0.19812104105949402
5,0,0.23361045122146606
5,5,0.21928203105926514
5,10,0.2367032766342163
5,15,0.24359217286109924
5,20,0.16793760657310486
5,25,0.19045791029930115
5,30,0.1920129656791687
5,35,0.22207733988761902
5,40,0.21798673272132874
5,45,0.22634825110435486
5,50,0.19810134172439575
5,55,0.22543853521347046
5,60,0.2126522958278656
5,65,0.21974638104438782
5,70,0.1815946102142334
5,75,0.19635069370269775
5,80,0.22176361083984375
5,85,0.19129154086112976
5,90,0.1645970344543457
5,95,0.24430926144123077
5,100,0.17954237759113312
5,105,0.30036234855651855
5,110,0.19456937909126282
5,115,0.19161278009414673
5,120,0.21264612674713135
5,125,0.16827160120010376
5,130,0.180569589138031
5,135,0.23104014992713928
5,140,0.199153333902359
5,145,0.2168072909116745
5,150,0.2274056375026703
5,155,0.1756068766117096
5,160,0.20620371401309967
5,165,0.21202102303504944
5,170,0.2172585427761078
5,175,0.24694210290908813
5,180,0.22014670073986053
5,185,0.18791478872299194
5,190,0.22206106781959534
5,195,0.17336678504943848
5,200,0.15992149710655212
5,205,0.18412137031555176
5,210,0.2806023359298706
5,215,0.18867148458957672
5,220,0.23430603742599487
5,225,0.2201172113418579
5,230,0.23340782523155212
5,235,0.1690351963043213
5,240,0.25305962562561035
5,245,0.23744934797286987
5,250,0.22515332698822021
5,255,0.2012791931629181
5,260,0.1921718567609787
5,265,0.17587020993232727
5,270,0.21954834461212158
5,275,0.24202877283096313
5,280,0.2312830686569214
5,285,0.24778473377227783
5,290,0.1711207628250122
5,295,0.18594154715538025
5,300,0.20401930809020996
5,305,0.23803389072418213
5,310,0.20925134420394897
5,315,0.18646427989006042
5,320,0.2140394151210785
5,325,0.20472216606140137
5,330,0.18461182713508606
5,335,0.1976235955953598
5,340,0.21931800246238708
5,345,0.21331685781478882
5,350,0.21510809659957886
5,355,0.18068617582321167
5,360,0.22948458790779114
5,365,0.22439458966255188
5,370,0.20536276698112488
5,375,0.1684359908103943
5,380,0.18737424910068512
5,385,0.22321867942810059
5,390,0.2055005133152008
5,395,0.1855996996164322
5,400,0.1996617317199707
5,405,0.20614194869995117
5,410,0.204359769821167
5,415,0.17169815301895142
5,420,0.1764579713344574
5,425,0.13627010583877563
5,430,0.2579372823238373
5,435,0.19748103618621826
5,440,0.24723857641220093
5,445,0.2515817880630493
5,450,0.2216912806034088
5,455,0.20208296179771423
5,460,0.211823508143425
5,465,0.23017872869968414
5,470,0.21884876489639282
5,475,0.20019766688346863
5,480,0.17637524008750916
5,485,0.2064674347639084
5,490,0.1893896460533142
5,495,0.22888824343681335
5,500,0.23550984263420105
5,505,0.2467038929462433
5,510,0.23477283120155334
5,515,0.20698729157447815
5,520,0.20592805743217468
5,525,0.19631758332252502
5,530,0.19031009078025818
5,535,0.26742303371429443
5,540,0.1680031716823578
5,545,0.1780281960964203
5,550,0.19178517162799835
5,555,0.20175054669380188
5,560,0.18047593533992767
5,565,0.20727312564849854
5,570,0.1929437816143036
5,575,0.2445245087146759
5,580,0.22878074645996094
5,585,0.26302570104599
5,590,0.17534950375556946
5,595,0.21778607368469238
5,600,0.24947825074195862
5,605,0.2409554421901703
5,610,0.197838693857193
5,615,0.1776919811964035
5,620,0.20552752912044525
5,625,0.2515430748462677
5,630,0.2170112282037735
5,635,0.18472610414028168
5,640,0.21022272109985352
5,645,0.17380735278129578
5,650,0.1985078901052475
5,655,0.17836600542068481
5,660,0.2198927104473114
5,665,0.22704851627349854
5,670,0.23251661658287048
5,675,0.17813003063201904
5,680,0.25365787744522095
5,685,0.17764262855052948
5,690,0.1870202124118805
5,695,0.20970624685287476
5,700,0.25021013617515564
5,705,0.23650634288787842
5,710,0.18942296504974365
5,715,0.23449036478996277
5,720,0.19975429773330688
5,725,0.28790047764778137
5,730,0.19522111117839813
5,735,0.16914096474647522
5,740,0.20805877447128296
5,745,0.17970344424247742
5,750,0.22619220614433289
5,755,0.21850812435150146
5,760,0.24731194972991943
5,765,0.14020881056785583
5,770,0.22605785727500916
5,775,0.19896629452705383
5,780,0.21073806285858154
5,785,0.19807124137878418
5,790,0.19765344262123108
5,795,0.14220814406871796
5,800,0.2693098187446594
5,805,0.21009308099746704
5,810,0.2558630108833313
5,815,0.20827323198318481
5,820,0.16049093008041382
5,825,0.1901094913482666
5,830,0.2194591760635376
5,835,0.21491670608520508
5,840,0.236131489276886
5,845,0.21875205636024475
5,850,0.24288475513458252
5,855,0.2366468608379364
5,860,0.2292945384979248
5,865,0.23521438241004944
5,870,0.16863791644573212
5,875,0.24975422024726868
5,880,0.22273820638656616
5,885,0.20606082677841187
5,890,0.14742699265480042
5,895,0.26981547474861145
5,900,0.17322805523872375
5,905,0.23009157180786133
5,910,0.21692141890525818
5,915,0.23076409101486206
5,920,0.1750720590353012
5,925,0.1595636010169983
5,930,0.19085752964019775
5,935,0.2073434293270111
5,940,0.18654793500900269
5,945,0.193029522895813
5,950,0.213649183511734
5,955,0.19310766458511353
5,960,0.15522639453411102
5,965,0.2495533525943756
5,970,0.22975119948387146
5,975,0.23324401676654816
5,980,0.2103014886379242
5,985,0.2209382802248001
5,990,0.23783603310585022
5,995,0.22932346165180206
5,1000,0.182814359664917
5,1005,0.13966482877731323
5,1010,0.22251102328300476
5,1015,0.22952258586883545
5,1020,0.20050650835037231
6,0,0.24025073647499084
6,5,0.21774843335151672
6,10,0.23048070073127747
6,15,0.23571470379829407
6,20,0.16370609402656555
6,25,0.18161672353744507
6,30,0.18940326571464539
6,35,0.22572031617164612
6,40,0.21122971177101135
6,45,0.23009884357452393
6,50,0.19742047786712646
6,55,0.22295424342155457
6,60,0.20973479747772217
6,65,0.21619221568107605
6,70,0.17763784527778625
6,75,0.19646552205085754
6,80,0.22125989198684692
6,85,0.19460538029670715
6,90,0.15882465243339539
6,95,0.2560445964336395
6,100,0.17587867379188538
6,105,0.2951115369796753
6,110,0.1936669796705246
6,115,0.18960288166999817
6,120,0.2069922387599945
6,125,0.1615951955318451
6,130,0.17397040128707886
6,135,0.23108631372451782
6,140,0.19319696724414825
6,145,0.2192763090133667
6,150,0.22372764348983765
6,155,0.16998329758644104
6,160,0.2015705555677414
6,165,0.21178510785102844
6,170,0.2104284167289734
6,175,0.23847776651382446
6,180,0.21060842275619507
6,185,0.190716952085495
6,190,0.22378796339035034
6,195,0.17658120393753052
6,200,0.16062381863594055
6,205,0.1836058795452118
6,210,0.2744395434856415
6,215,0.181768000125885
6,220,0.23383355140686035
6,225,0.21823805570602417
6,230,0.22894501686096191
6,235,0.16780313849449158
6,240,0.25776731967926025
6,245,0.23786240816116333
6,250,0.22225049138069153
6,255,0.19899460673332214
6,260,0.1924179345369339
6,265,0.1767835170030594
6,270,0.21084856986999512
6,275,0.24178695678710938
6,280,0.2297462522983551
6,285,0.2408844232559204
6,290,0.16636404395103455
6,295,0.18721623718738556
6,300,0.20347623527050018
6,305,0.23752574622631073
6,310,0.21195736527442932
6,315,0.18084776401519775
6,320,0.20232661068439484
6,325,0.20245438814163208
6,330,0.17971071600914001
6,335,0.19416332244873047
6,340,0.21786314249038696
6,345,0.20893564820289612
6,350,0.20726388692855835
6,355,0.16966834664344788
6,360,0.2280953824520111
6,365,0.23134326934814453
6,370,0.20085448026657104
6,375,0.1656474471092224
6,380,0.17463961243629456
6,385,0.21519151329994202
6,390,0.2016926109790802
6,395,0.18605387210845947
6,400,0.1978200525045395
6,405,0.2018420696258545
6,410,0.19646655023097992
6,415,0.18247830867767334
6,420,0.17241841554641724
6,425,0.14059486985206604
6,430,0.2588409185409546
6,435,0.201391339302063
6,440,0.24499571323394775
6,445,0.246168315410614
6,450,0.22437405586242676
6,455,0.19902555644512177
6,460,0.21405205130577087
6,465,0.23733088374137878
6,470,0.21487540006637573
6,475,0.20937445759773254
6,480,0.17048951983451843
6,485,0.1999601423740387
6,490,0.1821022480726242
6,495,0.23049071431159973
6,500,0.22977378964424133
6,505,0.2412911057472229
6,510,0.24073457717895508
6,515,0.20343473553657532
6,520,0.2106587290763855
6,525,0.19938193261623383
6,530,0.19164422154426575
6,535,0.26530206203460693
6,540,0.1696474850177765
6,545,0.17854467034339905
6,550,0.1981411874294281
6,555,0.19915002584457397
6,560,0.17764243483543396
6,565,0.20636048913002014
6,570,0.19143834710121155
6,575,0.24636539816856384
6,580,0.22072312235832214
6,585,0.23768138885498047
6,590,0.17082613706588745
6,595,0.2125471830368042
6,600,0.24911236763000488
6,605,0.2384324073791504
6,610,0.20642787218093872
6,615,0.1731622964143753
6,620,0.20058175921440125
6,625,0.24773719906806946
6,630,0.21901525557041168
6,635,0.18907895684242249
6,640,0.20643416047096252
6,645,0.1630450189113617
6,650,0.19199946522712708
6,655,0.17339229583740234
6,660,0.21859927475452423
6,665,0.22805461287498474
6,670,0.23097604513168335
6,675,0.1784558892250061
6,680,0.2448643147945404
6,685,0.18198472261428833
6,690,0.1839173436164856
6,695,0.20680442452430725
6,700,0.24209412932395935
6,705,0.22897034883499146
6,710,0.19512078166007996
6,715,0.2321726679801941
6,720,0.1929025948047638
6,725,0.28311681747436523
6,730,0.19980987906455994
6,735,0.1697605699300766
6,740,0.20563726127147675
6,745,0.17681357264518738
6,750,0.2307925820350647
6,755,0.22841551899909973
6,760,0.23658695816993713
6,765,0.138918936252594
6,770,0.2206626832485199
6,775,0.19555212557315826
6,780,0.20885539054870605
6,785,0.19891811907291412
6,790,0.19182735681533813
6,795,0.1356196254491806
6,800,0.2738293409347534
6,805,0.2035076767206192
6,810,0.24908587336540222
6,815,0.2085176408290863
6,820,0.15373089909553528
6,825,0.18743717670440674
6,830,0.2080688774585724
6,835,0.21596263349056244
6,840,0.23468345403671265
6,845,0.21030215919017792
6,850,0.2262064814567566
6,855,0.23395371437072754
6,860,0.2272522747516632
6,865,0.2309803068637848
6,870,0.15203800797462463
6,875,0.24542666971683502
6,880,0.22502857446670532
6,885,0.2019100785255432
6,890,0.14936873316764832
6,895,0.2506498396396637
6,900,0.17507007718086243
6,905,0.22133037447929382
6,910,0.21259325742721558
6,915,0.22757327556610107
6,920,0.1755986213684082
6,925,0.14914174377918243
6,930,0.18951953947544098
6,935,0.20655781030654907
6,940,0.17795729637145996
6,945,0.19117547571659088
6,950,0.2111198604106903
6,955,0.18836940824985504
6,960,0.15160249173641205
6,965,0.24958819150924683
6,970,0.22821015119552612
6,975,0.22790518403053284
6,980,0.20751440525054932
6,985,0.2108559012413025
6,990,0.23479390144348145
6,995,0.22841569781303406
6,1000,0.18437495827674866
6,1005,0.1347184181213379
6,1010,0.21166199445724487
6,1015,0.22207273542881012
6,1020,0.19404208660125732
7,0,0.23533356189727783
7,5,0.21456411480903625
7,10,0.23388555645942688
7,15,0.23144733905792236
7,20,0.16383370757102966
7,25,0.17636588215827942
7,30,0.18715152144432068
7,35,0.2184874713420868
7,40,0.20797640085220337
7,45,0.22147822380065918
7,50,0.19597658514976501
7,55,0.22321021556854248
7,60,0.20787766575813293
7,65,0.21570485830307007
7,70,0.1758618801832199
7,75,0.17902794480323792
7,80,0.2176188826560974
7,85,0.18627342581748962
7,90,0.16230657696723938
7,95,0.24833104014396667
7,100,0.17509537935256958
7,105,0.29360345005989075
7,110,0.19583389163017273
7,115,0.1877424120903015
7,120,0.20324143767356873
7,125,0.16199445724487305
7,130,0.17585457861423492
7,135,0.22711941599845886
7,140,0.1869078129529953
7,145,0.21845419704914093
7,150,0.23402619361877441
7,155,0.1681731641292572
7,160,0.20323804020881653
7,165,0.20941871404647827
7,170,0.21014541387557983
7,175,0.2355009913444519
7,180,0.20900189876556396
7,185,0.18768714368343353
7,190,0.2174559235572815
7,195,0.16705067455768585
7,200,0.1589314043521881
7,205,0.17561796307563782
7,210,0.2731330394744873
7,215,0.18752187490463257
7,220,0.23052799701690674
7,225,0.20778679847717285
7,230,0.22567248344421387
7,235,0.1671510934829712
7,240,0.2516169548034668
7,245,0.23648971319198608
7,250,0.2196064293384552
7,255,0.19670405983924866
7,260,0.18763026595115662
7,265,0.16937868297100067
7,270,0.2106054425239563
7,275,0.23348307609558105
7,280,0.22115018963813782
7,285,0.2384423017501831
7,290,0.16992774605751038
7,295,0.189554363489151
7,300,0.1966829001903534
7,305,0.23233500123023987
7,310,0.20560681819915771
7,315,0.17928093671798706
7,320,0.19660577178001404
7,325,0.20042142271995544
7,330,0.18030494451522827
7,335,0.18918508291244507
7,340,0.21067410707473755
7,345,0.2082163691520691
7,350,0.2032938003540039
7,355,0.1661817729473114
7,360,0.22627675533294678
7,365,0.21561695635318756
7,370,0.1962803602218628
7,375,0.16291141510009766
7,380,0.1751459538936615
7,385,0.21640841662883759
7,390,0.2016662359237671
7,395,0.18287606537342072
7,400,0.19391663372516632
7,405,0.1994321644306183
7,410,0.19713865220546722
7,415,0.18367262184619904
7,420,0.17326658964157104
7,425,0.1310986876487732
7,430,0.2492491900920868
7,435,0.19516295194625854
7,440,0.24814894795417786
7,445,0.2432856559753418
7,450,0.21929287910461426
7,455,0.1938118040561676
7,460,0.2103690207004547
7,465,0.23435944318771362
7,470,0.21745282411575317
7,475,0.20647497475147247
7,480,0.1660592257976532
7,485,0.20422327518463135
7,490,0.17277005314826965
7,495,0.2291666865348816
7,500,0.23096072673797607
7,505,0.25107550621032715
7,510,0.2300204336643219
7,515,0.20310041308403015
7,520,0.20238721370697021
7,525,0.1925477385520935
7,530,0.18905019760131836
7,535,0.2570963501930237
7,540,0.1657920628786087
7,545,0.17520633339881897
7,550,0.19286412000656128
7,555,0.20199349522590637
7,560,0.1799473762512207
7,565,0.21360507607460022
7,570,0.1946871131658554
7,575,0.23951426148414612
7,580,0.21901041269302368
7,585,0.24208176136016846
7,590,0.17393893003463745
7,595,0.21427688002586365
7,600,0.24477621912956238
7,605,0.24237245321273804
7,610,0.2032724916934967
7,615,0.17493242025375366
7,620,0.20069396495819092
7,625,0.2461215704679489
7,630,0.21261583268642426
7,635,0.1872679442167282
7,640,0.20274461805820465
7,645,0.1581384241580963
7,650,0.19471196830272675
7,655,0.17983518540859222
7,660,0.2180524468421936
7,665,0.22760817408561707
7,670,0.22761622071266174
7,675,0.17624828219413757
7,680,0.24840420484542847
7,685,0.1794031262397766
7,690,0.1822933554649353
7,695,0.21164995431900024
7,700,0.24605414271354675
7,705,0.23189273476600647
7,710,0.189909890294075
7,715,0.23048406839370728
7,720,0.1964322328567505
7,725,0.2781919836997986
7,730,0.1924581229686737
7,735,0.17068223655223846
7,740,0.20374560356140137
7,745,0.17128053307533264
7,750,0.23094406723976135
7,755,0.20654398202896118
7,760,0.23197588324546814
7,765,0.1365365982055664
7,770,0.22910428047180176
7,775,0.19461971521377563
7,780,0.210529625415802
7,785,0.19134283065795898
7,790,0.19384552538394928
7,795,0.13177156448364258
7,800,0.2729472815990448
7,805,0.20727461576461792
7,810,0.24540376663208008
7,815,0.1995071917772293
7,820,0.152952179312706
7,825,0.18857306241989136
7,830,0.21083590388298035
7,835,0.20791760087013245
7,840,0.2276870608329773
7,845,0.20799149572849274
7,850,0.22986873984336853
7,855,0.22840866446495056
7,860,0.22071194648742676
7,865,0.22955331206321716
7,870,0.1566099226474762
7,875,0.24694345891475677
7,880,0.22098907828330994
7,885,0.2062339186668396
7,890,0.1498149037361145
7,895,0.26009535789489746
7,900,0.17433403432369232
7,905,0.22418376803398132
7,910,0.22101086378097534
7,915,0.22737285494804382
7,920,0.18129146099090576
7,925,0.14967720210552216
7,930,0.1858575940132141
7,935,0.20023196935653687
7,940,0.17989932000637054
7,945,0.18478795886039734
7,950,0.2113138735294342
7,955,0.1817454695701599
7,960,0.156487375497818
7,965,0.25188419222831726
7,970,0.2259516417980194
7,975,0.22272518277168274
7,980,0.19748455286026
7,985,0.21025848388671875
7,990,0.23647430539131165
7,995,0.22880178689956665
7,1000,0.17971935868263245
7,1005,0.1403908133506775
7,1010,0.20518767833709717
7,1015,0.2246377170085907
7,1020,0.210185706615448
8,0,0.23800277709960938
8,5,0.21280813217163086
8,10,0.22534886002540588
8,15,0.24033042788505554
8,20,0.16295862197875977
8,25,0.17205950617790222
8,30,0.1844184845685959
8,35,0.21591106057167053
8,40,0.20551611483097076
8,45,0.22130662202835083
8,50,0.19446149468421936
8,55,0.21175679564476013
8,60,0.2125808298587799
8,65,0.21263733506202698
8,70,0.171939417719841
8,75,0.18405801057815552
8,80,0.2164214849472046
8,85,0.18130788207054138
8,90,0.16328585147857666
8,95,0.24415916204452515
8,100,0.16954505443572998
8,105,0.28494223952293396
8,110,0.19504311680793762
8,115,0.18234142661094666
8,120,0.20798274874687195
8,125,0.15362825989723206
8,130,0.1740577220916748
8,135,0.22961458563804626
8,140,0.18908646702766418
8,145,0.21658927202224731
8,150,0.2221837341785431
8,155,0.16209492087364197
8,160,0.20562419295310974
8,165,0.21227440237998962
8,170,0.2086125910282135
8,175,0.23946607112884521
8,180,0.21453309059143066
8,185,0.1827031373977661
8,190,0.217839777469635
8,195,0.16990473866462708
8,200,0.1595660150051117
8,205,0.17913246154785156
8,210,0.2691343128681183
8,215,0.17952752113342285
8,220,0.23334836959838867
8,225,0.21632835268974304
8,230,0.23110689222812653
8,235,0.16043007373809814
8,240,0.24545490741729736
8,245,0.24150758981704712
8,250,0.21483466029167175
8,255,0.19464166462421417
8,260,0.1891198456287384
8,265,0.16279861330986023
8,270,0.2051144242286682
8,275,0.2374882698059082
8,280,0.22107021510601044
8,285,0.24177482724189758
8,290,0.16504043340682983
8,295,0.17514905333518982
8,300,0.19926154613494873
8,305,0.23217910528182983
8,310,0.2058655023574829
8,315,0.1871221959590912
8,320,0.20577701926231384
8,325,0.20042192935943604
8,330,0.18427175283432007
8,335,0.1912345439195633
8,340,0.2115035355091095
8,345,0.2065700888633728
8,350,0.20311811566352844
8,355,0.15819160640239716
8,360,0.23003989458084106
8,365,0.22177302837371826
8,370,0.192958265542984
8,375,0.15431666374206543
8,380,0.16958960890769958
8,385,0.21161554753780365
8,390,0.1962125599384308
8,395,0.17938855290412903
8,400,0.19673508405685425
8,405,0.19825702905654907
8,410,0.1916240155696869
8,415,0.17252303659915924
8,420,0.16968099772930145
8,425,0.12806275486946106
8,430,0.2611634135246277
8,435,0.1932094693183899
8,440,0.2419571876525879
8,445,0.22885696589946747
8,450,0.20453430712223053
8,455,0.1917790174484253
8,460,0.19592031836509705
8,465,0.22770893573760986
8,470,0.21904395520687103
8,475,0.20510855317115784
8,480,0.16682784259319305
8,485,0.2059352546930313
8,490,0.1717148721218109
8,495,0.2205192595720291
8,500,0.23014795780181885
8,505,0.2470630407333374
8,510,0.2334066927433014
8,515,0.21505331993103027
8,520,0.20369189977645874
8,525,0.20003727078437805
8,530,0.19476959109306335
8,535,0.26238003373146057
8,540,0.16904935240745544
8,545,0.17127946019172668
8,550,0.19405794143676758
8,555,0.19499516487121582
8,560,0.16965296864509583
8,565,0.20630499720573425
8,570,0.19335466623306274
8,575,0.23784494400024414
8,580,0.21643072366714478
8,585,0.2468128800392151
8,590,0.17224207520484924
8,595,0.2099243402481079
8,600,0.24695643782615662
8,605,0.2346074879169464
8,610,0.20676115155220032
8,615,0.176605224609375
8,620,0.20929214358329773
8,625,0.2513434588909149
8,630,0.2283431589603424
8,635,0.18445244431495667
8,640,0.20850268006324768
8,645,0.16146743297576904
8,650,0.19246387481689453
8,655,0.1676127314567566
8,660,0.20523709058761597
8,665,0.22489920258522034
8,670,0.22210893034934998
8,675,0.1770530641078949
8,680,0.24480482935905457
8,685,0.17188838124275208
8,690,0.17811128497123718
8,695,0.20669837296009064
8,700,0.2436504065990448
8,705,0.23286505043506622
8,710,0.19140589237213135
8,715,0.22268779575824738
8,720,0.19392159581184387
8,725,0.2746127247810364
8,730,0.19987918436527252
8,735,0.15466123819351196
8,740,0.21638931334018707
8,745,0.16484037041664124
8,750,0.2143939733505249
8,755,0.20315852761268616
8,760,0.2299753725528717
8,765,0.13711608946323395
8,770,0.21981751918792725
8,775,0.20232687890529633
8,780,0.21282708644866943
8,785,0.1929195523262024
8,790,0.19261913001537323
8,795,0.13669952750205994
8,800,0.2731274962425232
8,805,0.19759339094161987
8,810,0.24844622611999512
8,815,0.19086450338363647
8,820,0.1645355522632599
8,825,0.1879950910806656
8,830,0.21218465268611908
8,835,0.218043714761734
8,840,0.21168845891952515
8,845,0.2064714878797531
8,850,0.22847121953964233
8,855,0.23933500051498413
8,860,0.24098682403564453
8,865,0.20741260051727295
8,870,0.1693502962589264
8,875,0.20688937604427338
8,880,0.1687251329421997
8,885,0.16088934242725372
8,890,0.13779248297214508
8,895,0.1915867030620575
8,900,0.14835402369499207
8,905,0.1778751015663147
8,910,0.1706610471010208
8,915,0.1556691825389862
8,920,0.12823829054832458
8,925,0.11825384944677353
8,930,0.17089292407035828
8,935,0.1347089409828186
8,940,0.12691067159175873
8,945,0.13597187399864197
8,950,0.17754369974136353
8,955,0.14591598510742188
8,960,0.15160271525382996
8,965,0.15797045826911926
8,970,0.14190693199634552
8,975,0.16383996605873108
8,980,0.1490628719329834
8,985,0.14162573218345642
8,990,0.13726957142353058
8,995,0.15106478333473206
8,1000,0.13978077471256256
8,1005,0.12635961174964905
8,1010,0.11692392826080322
8,1015,0.16525273025035858
8,1020,0.13337478041648865
9,0,0.16404595971107483
9,5,0.12817105650901794
9,10,0.14487093687057495
9,15,0.15320836007595062
9,20,0.11146315932273865
9,25,0.11186324059963226
9,30,0.1413448005914688
9,35,0.14398357272148132
9,40,0.14177080988883972
9,45,0.16326600313186646
9,50,0.13264182209968567
9,55,0.1539032757282257
9,60,0.12971217930316925
9,65,0.13094839453697205
9,70,0.12310776114463806
9,75,0.18351100385189056
9,80,0.16825878620147705
9,85,0.12470699846744537
9,90,0.15362852811813354
9,95,0.14679867029190063
9,100,0.133386492729187
9,105,0.15420128405094147
9,110,0.12745781242847443
9,115,0.12255188077688217
9,120,0.13733947277069092
9,125,0.13746392726898193
9,130,0.13595056533813477
9,135,0.12116171419620514
9,140,0.1535961627960205
9,145,0.14242348074913025
9,150,0.11993715167045593
9,155,0.12597200274467468
9,160,0.15885087847709656
9,165,0.13275161385536194
9,170,0.13863375782966614
9,175,0.16482380032539368
9,180,0.14612361788749695
9,185,0.13493086397647858
9,190,0.12130197882652283
9,195,0.1404724270105362
9,200,0.1376577764749527
9,205,0.11513226479291916
9,210,0.163486510515213
9,215,0.1256578415632248
9,220,0.11240699887275696
9,225,0.13497662544250488
9,230,0.15289515256881714
9,235,0.14104652404785156
9,240,0.14325806498527527
9,245,0.1639573574066162
9,250,0.12848752737045288
9,255,0.13895153999328613
9,260,0.12717433273792267
9,265,0.12383749336004257
9,270,0.1256989985704422
9,275,0.12989071011543274
9,280,0.15129351615905762
9,285,0.14629331231117249
9,290,0.12212109565734863
9,295,0.1277405023574829
9,300,0.1477116197347641
9,305,0.1348074972629547
9,310,0.12868353724479675
9,315,0.1319451630115509
9,320,0.12079903483390808
9,325,0.14269550144672394
9,330,0.11440566182136536
9,335,0.14079982042312622
9,340,0.129049152135849
9,345,0.1420048177242279
9,350,0.13116154074668884
9,355,0.13113999366760254
9,360,0.13871817290782928
9,365,0.17788618803024292
9,370,0.15339422225952148
9,375,0.1295337677001953
9,380,0.1432121843099594
9,385,0.14456260204315186
9,390,0.14046752452850342
9,395,0.13269206881523132
9,400,0.13008427619934082
9,405,0.13421525061130524
9,410,0.12134236097335815
9,415,0.1517614722251892
9,420,0.1245524063706398
9,425,0.11096354573965073
9,430,0.12805500626564026
9,435,0.1218755766749382
9,440,0.16481634974479675
9,445,0.12198765575885773
9,450,0.13688495755195618
9,455,0.1329214870929718
9,460,0.11446849256753922
9,465,0.14915378391742706
9,470,0.13574905693531036
9,475,0.13032707571983337
9,480,0.1373516023159027
9,485,0.1344938576221466
9,490,0.13080096244812012
9,495,0.12440001219511032
9,500,0.14029274880886078
9,505,0.15298262238502502
9,510,0.13986042141914368
9,515,0.11084969341754913
9,520,0.15684135258197784
9,525,0.13087299466133118
9,530,0.11732324957847595
9,535,0.1758602261543274
9,540,0.12571294605731964
9,545,0.10398274660110474
9,550,0.1081392765045166
9,555,0.1590571105480194
9,560,0.12268894910812378
9,565,0.1381896287202835
9,570,0.1544332504272461
9,575,0.15151391923427582
9,580,0.1365826278924942
9,585,0.14393845200538635
9,590,0.12819693982601166
9,595,0.13110393285751343
9,600,0.15274754166603088
9,605,0.14111050963401794
9,610,0.12277768552303314
9,615,0.12080860882997513
9,620,0.1267033964395523
9,625,0.14301034808158875
9,630,0.15001609921455383
9,635,0.12010699510574341
9,640,0.13650400936603546
9,645,0.1165255755186081
9,650,0.11656160652637482
9,655,0.12196934223175049
9,660,0.13359665870666504
9,665,0.13682210445404053
9,670,0.141656294465065
9,675,0.12590007483959198
9,680,0.15520596504211426
9,685,0.12652307748794556
9,690,0.0934259369969368
9,695,0.1217634528875351
9,700,0.15445609390735626
9,705,0.15459494292736053
9,710,0.09626010805368423
9,715,0.1627797931432724
9,720,0.15503424406051636
9,725,0.17430192232131958
9,730,0.12254159897565842
9,735,0.12307397276163101
9,740,0.13017722964286804
9,745,0.1400657296180725
9,750,0.1335568130016327
9,755,0.135590061545372
9,760,0.1411106288433075
9,765,0.09566369652748108
9,770,0.13373775780200958
9,775,0.10570915788412094
9,780,0.11383363604545593
9,785,0.13831597566604614
9,790,0.11122775822877884
9,795,0.10765325278043747
9,800,0.17071238160133362
9,805,0.13089905679225922
9,810,0.13486233353614807
9,815,0.13164407014846802
9,820,0.12278541922569275
9,825,0.12042588740587234
9,830,0.13618649542331696
9,835,0.1386900097131729
9,840,0.15813732147216797
9,845,0.12799987196922302
9,850,0.14072804152965546
9,855,0.14147202670574188
9,860,0.1415049433708191
9,865,0.13486450910568237
9,870,0.10500670969486237
9,875,0.15621618926525116
9,880,0.1352732926607132
9,885,0.1205296665430069
9,890,0.11764158308506012
9,895,0.152330219745636
9,900,0.11571242660284042
9,905,0.1248578131198883
9,910,0.14049115777015686
9,915,0.1367829293012619
9,920,0.11292427778244019
9,925,0.10891814529895782
9,930,0.14965584874153137
9,935,0.12269404530525208
9,940,0.12019604444503784
9,945,0.11552716791629791
9,950,0.14492903649806976
9,955,0.13334812223911285
9,960,0.12415440380573273
9,965,0.12997981905937195
9,970,0.12053512781858444
9,975,0.13326065242290497
9,980,0.13539718091487885
9,985,0.10927931219339371
9,990,0.1361985057592392
9,995,0.11593474447727203
9,1000,0.12451834976673126
9,1005,0.11328651010990143
9,1010,0.10663862526416779
9,1015,0.13483530282974243
9,1020,0.12075404077768326
10,0,0.16089409589767456
10,5,0.12248672544956207
10,10,0.13929210603237152
10,15,0.1327241063117981
10,20,0.10764130204916
10,25,0.0968368798494339
10,30,0.13894245028495789
10,35,0.129296213388443
10,40,0.13575854897499084
10,45,0.15268056094646454
10,50,0.11902221292257309
10,55,0.16366736590862274
10,60,0.11711063235998154
10,65,0.12192074954509735
10,70,0.12017853558063507
10,75,0.16598287224769592
10,80,0.13665038347244263
10,85,0.12112762778997421
10,90,0.13439708948135376
10,95,0.1321585774421692
10,100,0.1232081800699234
10,105,0.14943963289260864
10,110,0.10625945776700974
10,115,0.12193845212459564
10,120,0.1231759786605835
10,125,0.12018969655036926
10,130,0.12429313361644745
10,135,0.12007936835289001
10,140,0.1289343237876892
10,145,0.12101352214813232
10,150,0.12037617713212967
10,155,0.11454630643129349
10,160,0.14724212884902954
10,165,0.12978008389472961
10,170,0.13148517906665802
10,175,0.14215077459812164
10,180,0.14638574421405792
10,185,0.14165270328521729
10,190,0.1114758774638176
10,195,0.12816545367240906
10,200,0.12525016069412231
10,205,0.11368615180253983
10,210,0.16059447824954987
10,215,0.11933567374944687
10,220,0.11142151057720184
10,225,0.1333511471748352
10,230,0.1335943043231964
10,235,0.13088561594486237
10,240,0.13674670457839966
10,245,0.149765744805336
10,250,0.12149117887020111
10,255,0.1209903359413147
10,260,0.12358202040195465
10,265,0.10173211991786957
10,270,0.12664343416690826
10,275,0.1321086287498474
10,280,0.14404429495334625
10,285,0.12919369339942932
10,290,0.10801490396261215
10,295,0.12512117624282837
10,300,0.127052903175354
10,305,0.12767991423606873
10,310,0.11640799790620804
10,315,0.12420831620693207
10,320,0.12395435571670532
10,325,0.1364031434059143
10,330,0.1058323085308075
10,335,0.12921062111854553
10,340,0.11376219987869263
10,345,0.12998631596565247
10,350,0.12372280657291412
10,355,0.1342458724975586
10,360,0.1222730204463005
10,365,0.16404446959495544
10,370,0.13905498385429382
10,375,0.11910688877105713
10,380,0.12521928548812866
10,385,0.13897249102592468
10,390,0.12996211647987366
10,395,0.1235189214348793
10,400,0.1191839948296547
10,405,0.12053591758012772
10,410,0.10300029069185257
10,415,0.1636958122253418
10,420,0.13568642735481262
10,425,0.1036519706249237
10,430,0.1348307728767395
10,435,0.10856331139802933
10,440,0.1552974283695221
10,445,0.11654555797576904
10,450,0.12968221306800842
10,455,0.1357378214597702
10,460,0.10573014616966248
10,465,0.14624986052513123
10,470,0.13314604759216309
10,475,0.12475620955228806
10,480,0.13446567952632904
10,485,0.12884679436683655
10,490,0.1250896155834198
10,495,0.12712711095809937
10,500,0.12842503190040588
10,505,0.14549192786216736
10,510,0.12893429398536682
10,515,0.11261387169361115
10,520,0.13895511627197266
10,525,0.11587652564048767
10,530,0.10237359255552292
10,535,0.15685108304023743
10,540,0.11677078902721405
10,545,0.09468728303909302
10,550,0.1134188324213028
10,555,0.16020825505256653
10,560,0.11210057139396667
10,565,0.1322988122701645
10,570,0.13058388233184814
10,575,0.1364802122116089
10,580,0.1290971040725708
10,585,0.1463775485754013
10,590,0.11867678910493851
10,595,0.12299515306949615
10,600,0.136002779006958
10,605,0.1339607536792755
10,610,0.11654974520206451
10,615,0.12170320004224777
10,620,0.11596101522445679
10,625,0.1458095908164978
10,630,0.14119379222393036
10,635,0.12162089347839355
10,640,0.13203638792037964
10,645,0.10966509580612183
10,650,0.11824488639831543
10,655,0.11043007671833038
10,660,0.12567801773548126
10,665,0.12583188712596893
10,670,0.1405356228351593
10,675,0.12098007649183273
10,680,0.1457606703042984
10,685,0.11693798750638962
10,690,0.09381897747516632
10,695,0.12394370138645172
10,700,0.14782217144966125
10,705,0.14963755011558533
10,710,0.10257038474082947
10,715,0.14346368610858917
10,720,0.13654576241970062
10,725,0.1657748520374298
10,730,0.12338610738515854
10,735,0.11031710356473923
10,740,0.13293778896331787
10,745,0.1379275619983673
10,750,0.12913298606872559
10,755,0.12054693698883057
10,760,0.13781166076660156
10,765,0.09918691217899323
10,770,0.1252865493297577
10,775,0.11349103599786758
10,780,0.11103212833404541
10,785,0.1343301236629486
10,790,0.11256495118141174
10,795,0.10238147526979446
10,800,0.16860148310661316
10,805,0.12043014168739319
10,810,0.13928332924842834
10,815,0.12662768363952637
10,820,0.1198263019323349
10,825,0.1168966293334961
10,830,0.1336815059185028
10,835,0.13704723119735718
10,840,0.1535443663597107
10,845,0.12087346613407135
10,850,0.12792974710464478
10,855,0.1448841392993927
10,860,0.1380091905593872
10,865,0.12236063182353973
10,870,0.11080403625965118
10,875,0.15218019485473633
10,880,0.12803056836128235
10,885,0.12051790952682495
10,890,0.11547218263149261
10,895,0.14159730076789856
10,900,0.11560750007629395
10,905,0.12774120271205902
10,910,0.13702577352523804
10,915,0.1289641410112381
10,920,0.10194285213947296
10,925,0.10876201838254929
10,930,0.150631383061409
10,935,0.10870635509490967
10,940,0.10780031979084015
10,945,0.11317837238311768
10,950,0.14558911323547363
10,955,0.13503047823905945
10,960,0.13454443216323853
10,965,0.13413241505622864
10,970,0.10762865841388702
10,975,0.1218186765909195
10,980,0.1448325365781784
10,985,0.10671143233776093
10,990,0.12727096676826477
10,995,0.1106378510594368
10,1000,0.11783398687839508
10,1005,0.11646509915590286
10,1010,0.10527408868074417
10,1015,0.12875813245773315
10,1020,0.12140782177448273
11,0,0.13743805885314941
11,5,0.11904199421405792
11,10,0.14266033470630646
11,15,0.13911399245262146
11,20,0.1130625456571579
11,25,0.09956645965576172
11,30,0.12755006551742554
11,35,0.12562239170074463
11,40,0.12144938111305237
11,45,0.14393417537212372
11,50,0.119598388671875
11,55,0.14434954524040222
11,60,0.11804792284965515
11,65,0.11927025020122528
11,70,0.11871486902236938
11,75,0.14389468729496002
11,80,0.13217264413833618
11,85,0.11986085027456284
11,90,0.1307210624217987
11,95,0.12596000730991364
11,100,0.12780345976352692
11,105,0.13761064410209656
11,110,0.11731287837028503
11,115,0.11596442759037018
11,120,0.12262760102748871
11,125,0.12214511632919312
11,130,0.12513703107833862
11,135,0.11556582152843475
11,140,0.12509392201900482
11,145,0.12324996292591095
11,150,0.12430309504270554
11,155,0.1176404356956482
11,160,0.13820594549179077
11,165,0.12568128108978271
11,170,0.12538248300552368
11,175,0.14312420785427094
11,180,0.14413316547870636
11,185,0.13079895079135895
11,190,0.11024121940135956
11,195,0.1239483654499054
11,200,0.11607906967401505
11,205,0.11758459359407425
11,210,0.13807253539562225
11,215,0.12797871232032776
11,220,0.11403442919254303
11,225,0.1266360580921173
11,230,0.1359262615442276
11,235,0.12375641614198685
11,240,0.1259617805480957
11,245,0.15039561688899994
11,250,0.11689284443855286
11,255,0.1220896989107132
11,260,0.11241281032562256
11,265,0.10384899377822876
11,270,0.12213484197854996
11,275,0.11756100505590439
11,280,0.14470654726028442
11,285,0.1315333992242813
11,290,0.11048133671283722
11,295,0.11894115805625916
11,300,0.13066264986991882
11,305,0.13142022490501404
11,310,0.10866109281778336
11,315,0.13021844625473022
11,320,0.1232326552271843
11,325,0.1354321539402008
11,330,0.1068396121263504
11,335,0.12438167631626129
11,340,0.11896421015262604
11,345,0.12627831101417542
11,350,0.12646366655826569
11,355,0.1259671151638031
11,360,0.12781387567520142
11,365,0.16425085067749023
11,370,0.13921992480754852
11,375,0.12695233523845673
11,380,0.13536548614501953
11,385,0.12884464859962463
11,390,0.1341055929660797
11,395,0.12598305940628052
11,400,0.11865459382534027
11,405,0.11254716664552689
11,410,0.10351817309856415
11,415,0.15710118412971497
11,420,0.12663418054580688
11,425,0.11355358362197876
11,430,0.13349232077598572
11,435,0.11481303721666336
11,440,0.15269123017787933
11,445,0.12112376093864441
11,450,0.13073572516441345
11,455,0.12583649158477783
11,460,0.10488033294677734
11,465,0.14196956157684326
11,470,0.12574607133865356
11,475,0.12173391878604889
11,480,0.14109066128730774
11,485,0.12477044016122818
11,490,0.11939947307109833
11,495,0.1145542562007904
11,500,0.1280282437801361
11,505,0.14714321494102478
11,510,0.1416577696800232
11,515,0.10527859628200531
11,520,0.1518286168575287
11,525,0.11438647657632828
11,530,0.10423046350479126
11,535,0.1674709916114807
11,540,0.11268844455480576
11,545,0.0974850207567215
11,550,0.1171664148569107
11,555,0.15442462265491486
11,560,0.1154688373208046
11,565,0.12401078641414642
11,570,0.1310260146856308
11,575,0.13183826208114624
11,580,0.12896087765693665
11,585,0.14229431748390198
11,590,0.11847807466983795
11,595,0.12902355194091797
11,600,0.12300130724906921
11,605,0.12800279259681702
11,610,0.12041025608778
11,615,0.10366776585578918
11,620,0.10733258724212646
11,625,0.1354309469461441
11,630,0.14060688018798828
11,635,0.12465786188840866
11,640,0.12886452674865723
11,645,0.11316676437854767
11,650,0.1066887155175209
11,655,0.10167363286018372
11,660,0.12132245302200317
11,665,0.1246015876531601
11,670,0.13490432500839233
11,675,0.12087342888116837
11,680,0.14415690302848816
11,685,0.11144216358661652
11,690,0.09038066864013672
11,695,0.12828868627548218
11,700,0.14859065413475037
11,705,0.1419287919998169
11,710,0.09925983846187592
11,715,0.13770461082458496
11,720,0.1321960985660553
11,725,0.15969432890415192
11,730,0.127833291888237
11,735,0.11205849051475525
11,740,0.1284101903438568
11,745,0.14131036400794983
11,750,0.12833043932914734
11,755,0.12209015339612961
11,760,0.14318972826004028
11,765,0.09489162266254425
11,770,0.12192375212907791
11,775,0.10945916175842285
11,780,0.10991664230823517
11,785,0.1220417395234108
11,790,0.11433766782283783
11,795,0.10245770215988159
11,800,0.15679216384887695
11,805,0.12473844736814499
11,810,0.13049058616161346
11,815,0.12721657752990723
11,820,0.12352827191352844
11,825,0.11375580728054047
11,830,0.13308092951774597
11,835,0.14233428239822388
11,840,0.15454496443271637
11,845,0.12275247275829315
11,850,0.1249990165233612
11,855,0.137322798371315
11,860,0.13799741864204407
11,865,0.12445462495088577
11,870,0.10192380845546722
11,875,0.15537740290164948
11,880,0.13183486461639404
11,885,0.1170106828212738
11,890,0.11744580417871475
11,895,0.1406233012676239
11,900,0.11326487362384796
11,905,0.12019877135753632
11,910,0.1285136342048645
11,915,0.12560515105724335
11,920,0.10521820932626724
11,925,0.1011582463979721
11,930,0.14642298221588135
11,935,0.11165843904018402
11,940,0.12052658200263977
11,945,0.10881787538528442
11,950,0.15049508213996887
11,955,0.13087548315525055
11,960,0.11690305173397064
11,965,0.13279764354228973
11,970,0.11703447252511978
11,975,0.12489975988864899
11,980,0.12782913446426392
11,985,0.11233186721801758
11,990,0.13479956984519958
11,995,0.11108437180519104
11,1000,0.13095633685588837
11,1005,0.10845242440700531
11,1010,0.10319529473781586
11,1015,0.11300381273031235
11,1020,0.11639784276485443
12,0,0.1491064429283142
12,5,0.12058744579553604
12,10,0.1354265958070755
12,15,0.14039622247219086
12,20,0.10340425372123718
12,25,0.09307257831096649
12,30,0.1320292353630066
12,35,0.12203435599803925
12,40,0.1215285137295723
12,45,0.13933344185352325
12,50,0.11278074234724045
12,55,0.14098654687404633
12,60,0.1187216117978096
12,65,0.11128153651952744
12,70,0.11143408715724945
12,75,0.14925265312194824
12,80,0.13309180736541748
12,85,0.11370448768138885
12,90,0.13006317615509033
12,95,0.12136445194482803
12,100,0.12865445017814636
12,105,0.14547233283519745
12,110,0.10546571016311646
12,115,0.11427551507949829
12,120,0.12231747061014175
12,125,0.11265388131141663
12,130,0.11928980052471161
12,135,0.10964581370353699
12,140,0.12521544098854065
12,145,0.13031379878520966
12,150,0.10945339500904083
12,155,0.11199747025966644
12,160,0.13936099410057068
12,165,0.12055405974388123
12,170,0.12570390105247498
12,175,0.1371437907218933
12,180,0.13959142565727234
12,185,0.1354919672012329
12,190,0.10834085941314697
12,195,0.13226759433746338
12,200,0.11688126623630524
12,205,0.10996140539646149
12,210,0.13773547112941742
12,215,0.11635831743478775
12,220,0.10162629187107086
12,225,0.13101497292518616
12,230,0.1330633908510208
12,235,0.12019705772399902
12,240,0.129914328455925
12,245,0.143613800406456
12,250,0.11567375063896179
12,255,0.11684814840555191
12,260,0.1185799390077591
12,265,0.10482611507177353
12,270,0.11911425739526749
12,275,0.12084481865167618
12,280,0.146889790892601
12,285,0.13164883852005005
12,290,0.1243685781955719
12,295,0.11750869452953339
12,300,0.13044479489326477
12,305,0.12055613845586777
12,310,0.10518722236156464
12,315,0.11839326471090317
12,320,0.11758805811405182
12,325,0.13471728563308716
12,330,0.10144837945699692
12,335,0.127370685338974
12,340,0.11204518377780914
12,345,0.13171789050102234
12,350,0.12788379192352295
12,355,0.12953628599643707
12,360,0.12358559668064117
12,365,0.16138583421707153
12,370,0.12522681057453156
12,375,0.11927086859941483
12,380,0.12528826296329498
12,385,0.13055571913719177
12,390,0.13035228848457336
12,395,0.12828344106674194
12,400,0.12253814935684204
12,405,0.10568401217460632
12,410,0.10127377510070801
12,415,0.1540067195892334
12,420,0.12714052200317383
12,425,0.10332592576742172
12,430,0.13174328207969666
12,435,0.12038768827915192
12,440,0.14876264333724976
12,445,0.11937661468982697
12,450,0.13306672871112823
12,455,0.1224568635225296
12,460,0.10390719771385193
12,465,0.134182408452034
12,470,0.12058905512094498
12,475,0.1221335232257843
12,480,0.13326168060302734
12,485,0.13009318709373474
12,490,0.12332003563642502
12,495,0.11501973867416382
12,500,0.12657690048217773
12,505,0.14996443688869476
12,510,0.12780342996120453
12,515,0.10755201429128647
12,520,0.15725092589855194
12,525,0.13269060850143433
12,530,0.11005759239196777
12,535,0.15121611952781677
12,540,0.11583497375249863
12,545,0.09398704767227173
12,550,0.10887796431779861
12,555,0.1555175483226776
12,560,0.10924366861581802
12,565,0.12771791219711304
12,570,0.13728809356689453
12,575,0.13856865465641022
12,580,0.12407346069812775
12,585,0.1507788598537445
12,590,0.11363562941551208
12,595,0.1241396814584732
12,600,0.1259871870279312
12,605,0.1402246356010437
12,610,0.11572113633155823
12,615,0.10606727004051208
12,620,0.11064852774143219
12,625,0.13201752305030823
12,630,0.13030289113521576
12,635,0.11711659282445908
12,640,0.13010813295841217
12,645,0.11182056367397308
12,650,0.10056743025779724
12,655,0.10295622050762177
12,660,0.12050241976976395
12,665,0.1260000318288803
12,670,0.13792318105697632
12,675,0.12112507224082947
12,680,0.14367783069610596
12,685,0.11519283056259155
12,690,0.09337642788887024
12,695,0.12364669144153595
12,700,0.15096352994441986
12,705,0.13884174823760986
12,710,0.093376025557518
12,715,0.13570502400398254
12,720,0.13380539417266846
12,725,0.15503723919391632
12,730,0.13015839457511902
12,735,0.10915209352970123
12,740,0.12417266517877579
12,745,0.1350269317626953
12,750,0.1226312443614006
12,755,0.13311412930488586
12,760,0.13302651047706604
12,765,0.09940657019615173
12,770,0.12558221817016602
12,775,0.11430143564939499
12,780,0.11158742755651474
12,785,0.11990232020616531
12,790,0.11169484257698059
12,795,0.102863609790802
12,800,0.16539114713668823
12,805,0.11433614045381546
12,810,0.13653510808944702
12,815,0.12849485874176025
12,820,0.11754271388053894
12,825,0.12707531452178955
12,830,0.12153182178735733
12,835,0.1374187469482422
12,840,0.14752309024333954
12,845,0.12031847983598709
12,850,0.13227751851081848
12,855,0.13625681400299072
12,860,0.12886428833007812
12,865,0.12208972126245499
12,870,0.09505344927310944
12,875,0.14983567595481873
12,880,0.12303484976291656
12,885,0.11580470949411392
12,890,0.11634939908981323
12,895,0.14182408154010773
12,900,0.11022884398698807
12,905,0.12254627794027328
12,910,0.12444807589054108
12,915,0.12241481244564056
12,920,0.10616093873977661
12,925,0.1083345040678978
12,930,0.14391469955444336
12,935,0.10339504480361938
12,940,0.10558950901031494
12,945,0.11350774765014648
12,950,0.14712287485599518
12,955,0.12677156925201416
12,960,0.11767646670341492
12,965,0.13450242578983307
12,970,0.11499984562397003
12,975,0.12203069776296616
12,980,0.12777647376060486
12,985,0.10665388405323029
12,990,0.12875963747501373
12,995,0.11592316627502441
12,1000,0.11665643751621246
12,1005,0.10865190625190735
12,1010,0.10540913045406342
12,1015,0.12067312002182007
12,1020,0.11448341608047485
13,0,0.13971102237701416
13,5,0.12011876702308655
13,10,0.13545812666416168
13,15,0.1370115578174591
13,20,0.10285241156816483
13,25,0.10550878942012787
13,30,0.1302374005317688
13,35,0.12820753455162048
13,40,0.12512201070785522
13,45,0.141688734292984
13,50,0.11700055003166199
13,55,0.14377927780151367
13,60,0.11374688148498535
13,65,0.1350371539592743
13,70,0.1130342036485672
13,75,0.14170117676258087
13,80,0.12922507524490356
13,85,0.10932394117116928
13,90,0.12523752450942993
13,95,0.1180366575717926
13,100,0.11557896435260773
13,105,0.15598100423812866
13,110,0.1085781529545784
13,115,0.11074243485927582
13,120,0.11279402673244476
13,125,0.11742881685495377
13,130,0.12375754117965698
13,135,0.11446110904216766
13,140,0.130780428647995
13,145,0.12243226170539856
13,150,0.10687057673931122
13,155,0.11285871267318726
13,160,0.1321827471256256
13,165,0.1132073700428009
13,170,0.12207955121994019
13,175,0.137718066573143
13,180,0.14026601612567902
13,185,0.13126066327095032
13,190,0.11133378744125366
13,195,0.12282156199216843
13,200,0.12133769690990448
13,205,0.10666416585445404
13,210,0.139569491147995
13,215,0.12072193622589111
13,220,0.10969558358192444
13,225,0.12878139317035675
13,230,0.12982916831970215
13,235,0.1216476559638977
13,240,0.12035273015499115
13,245,0.14646682143211365
13,250,0.11945287883281708
13,255,0.12071841955184937
13,260,0.11301146447658539
13,265,0.10715097934007645
13,270,0.11712905764579773
13,275,0.1304330974817276
13,280,0.1424815058708191
13,285,0.14091642200946808
13,290,0.11488739401102066
13,295,0.11896897852420807
13,300,0.12032298743724823
13,305,0.11669017374515533
13,310,0.10225209593772888
13,315,0.11891629546880722
13,320,0.12396419793367386
13,325,0.13294103741645813
13,330,0.1039113849401474
13,335,0.12311393022537231
13,340,0.10364910960197449
13,345,0.12325143814086914
13,350,0.12709689140319824
13,355,0.12116913497447968
13,360,0.12058490514755249
13,365,0.15503095090389252
13,370,0.13031478226184845
13,375,0.122587651014328
13,380,0.12609843909740448
13,385,0.13184335827827454
13,390,0.12365804612636566
13,395,0.12074863165616989
13,400,0.12263211607933044
13,405,0.10934938490390778
13,410,0.10099942982196808
13,415,0.1507197916507721
13,420,0.12305895239114761
13,425,0.10215900093317032
13,430,0.1388155072927475
13,435,0.1140967383980751
13,440,0.14366206526756287
13,445,0.11123351752758026
13,450,0.1316221058368683
13,455,0.12578840553760529
13,460,0.1016673892736435
13,465,0.1369759887456894
13,470,0.1206500232219696
13,475,0.11655773222446442
13,480,0.1308886557817459
13,485,0.1222977563738823
13,490,0.11676464974880219
13,495,0.1205563023686409
13,500,0.12886126339435577
13,505,0.14403530955314636
13,510,0.13464561104774475
13,515,0.11610877513885498
13,520,0.1382078230381012
13,525,0.1290367841720581
13,530,0.10905364155769348
13,535,0.15195956826210022
13,540,0.11623576283454895
13,545,0.09458433091640472
13,550,0.11184777319431305
13,555,0.1571829617023468
13,560,0.11008951812982559
13,565,0.12541218101978302
13,570,0.12467530369758606
13,575,0.12769591808319092
13,580,0.11992017179727554
13,585,0.1419726014137268
13,590,0.11329508572816849
13,595,0.12364956736564636
13,600,0.12195013463497162
13,605,0.12212870270013809
13,610,0.13358116149902344
13,615,0.10680731385946274
13,620,0.11113464832305908
13,625,0.13476668298244476
13,630,0.1326349973678589
13,635,0.11635663360357285
13,640,0.12391287088394165
13,645,0.10545670241117477
13,650,0.10210470855236053
13,655,0.10208847373723984
13,660,0.13009142875671387
13,665,0.12020096182823181
13,670,0.13671869039535522
13,675,0.11955950409173965
13,680,0.1402980238199234
13,685,0.12040168792009354
13,690,0.09856630861759186
13,695,0.118364617228508
13,700,0.14578917622566223
13,705,0.1405653953552246
13,710,0.09505201876163483
13,715,0.1398690789937973
13,720,0.13319092988967896
13,725,0.15338775515556335
13,730,0.11844591796398163
13,735,0.11103832721710205
13,740,0.12560629844665527
13,745,0.1383727788925171
13,750,0.12022875249385834
13,755,0.14087830483913422
13,760,0.12872788310050964
13,765,0.09344102442264557
13,770,0.12217605113983154
13,775,0.09917515516281128
13,780,0.10651980340480804
13,785,0.12297303974628448
13,790,0.10840478539466858
13,795,0.10764184594154358
13,800,0.1547306776046753
13,805,0.10982830822467804
13,810,0.12630818784236908
13,815,0.1329197883605957
13,820,0.11495274305343628
13,825,0.11392229795455933
13,830,0.12226207554340363
13,835,0.13522876799106598
13,840,0.14700937271118164
13,845,0.11915154755115509
13,850,0.131652370095253
13,855,0.13551479578018188
13,860,0.13206660747528076
13,865,0.11798974871635437
13,870,0.09962613135576248
13,875,0.15350864827632904
13,880,0.12481757998466492
13,885,0.10971759259700775
13,890,0.10864140093326569
13,895,0.14007900655269623
13,900,0.10842999815940857
13,905,0.1148250475525856
13,910,0.13126015663146973
13,915,0.12381193041801453
13,920,0.10121424496173859
13,925,0.0996689647436142
13,930,0.14430451393127441
13,935,0.11031356453895569
13,940,0.11116954684257507
13,945,0.1103782206773758
13,950,0.14083057641983032
13,955,0.1312865912914276
13,960,0.11404749006032944
13,965,0.12207497656345367
13,970,0.10826501995325089
13,975,0.12234748899936676
13,980,0.13897186517715454
13,985,0.10541834682226181
13,990,0.12418591976165771
13,995,0.1090383231639862
13,1000,0.11524610966444016
13,1005,0.11048392951488495
13,1010,0.0997651070356369
13,1015,0.11572954803705215
13,1020,0.12012649327516556
14,0,0.1333460509777069
14,5,0.1115206927061081
14,10,0.12983083724975586
14,15,0.13510864973068237
14,20,0.10561929643154144
14,25,0.0910487174987793
14,30,0.12739065289497375
14,35,0.12689946591854095
14,40,0.1259036809206009
14,45,0.14009515941143036
14,50,0.11802314221858978
14,55,0.14120779931545258
14,60,0.11530032008886337
14,65,0.11271980404853821
14,70,0.11312953382730484
14,75,0.14214125275611877
14,80,0.1301446557044983
14,85,0.1167590320110321
14,90,0.13461896777153015
14,95,0.11950206756591797
14,100,0.11626645922660828
14,105,0.12834911048412323
14,110,0.10458222031593323
14,115,0.11692363023757935
14,120,0.1170605793595314
14,125,0.11159570515155792
14,130,0.12176476418972015
14,135,0.11389701813459396
14,140,0.12643583118915558
14,145,0.11776488274335861
14,150,0.10839349031448364
14,155,0.10969847440719604
14,160,0.1381748616695404
14,165,0.13093514740467072
14,170,0.12200244516134262
14,175,0.13609085977077484
14,180,0.13477103412151337
14,185,0.13094910979270935
14,190,0.10859686136245728
14,195,0.1163935661315918
14,200,0.11587513983249664
14,205,0.10677613317966461
14,210,0.14461806416511536
14,215,0.11612862348556519
14,220,0.10429585725069046
14,225,0.13130131363868713
14,230,0.13320675492286682
14,235,0.12160350382328033
14,240,0.1229395642876625
14,245,0.14504516124725342
14,250,0.11508911103010178
14,255,0.11910561472177505
14,260,0.11367898434400558
14,265,0.09974432736635208
14,270,0.12028607726097107
14,275,0.12377022951841354
14,280,0.14838498830795288
14,285,0.12549588084220886
14,290,0.10986967384815216
14,295,0.11402656883001328
14,300,0.12522432208061218
14,305,0.12753728032112122
14,310,0.102150559425354
14,315,0.11639462411403656
14,320,0.11797874420881271
14,325,0.13148367404937744
14,330,0.10205961018800735
14,335,0.12438300251960754
14,340,0.12415648251771927
14,345,0.12456603348255157
14,350,0.1203981339931488
14,355,0.128578782081604
14,360,0.1256028115749359
14,365,0.15328828990459442
14,370,0.13340085744857788
14,375,0.11404523998498917
14,380,0.11623989045619965
14,385,0.12533259391784668
14,390,0.12637946009635925
14,395,0.12689973413944244
14,400,0.1179719790816307
14,405,0.11179306358098984
14,410,0.09713266789913177
14,415,0.15681040287017822
14,420,0.11674904078245163
14,425,0.10118816792964935
14,430,0.15861645340919495
14,435,0.10947990417480469
14,440,0.13986164331436157
14,445,0.11710728704929352
14,450,0.12582474946975708
14,455,0.12188015133142471
14,460,0.10664848983287811
14,465,0.14099040627479553
14,470,0.11889210343360901
14,475,0.11881838738918304
14,480,0.1367015838623047
14,485,0.12233437597751617
14,490,0.11896730214357376
14,495,0.12179692089557648
14,500,0.1252071112394333
14,505,0.1432780921459198
14,510,0.1300995647907257
14,515,0.09806991368532181
14,520,0.15448416769504547
14,525,0.1095922514796257
14,530,0.10379454493522644
14,535,0.15623876452445984
14,540,0.11693748086690903
14,545,0.09327728301286697
14,550,0.10413327813148499
14,555,0.1482599973678589
14,560,0.11087905615568161
14,565,0.1258045881986618
14,570,0.1285681128501892
14,575,0.1224323958158493
14,580,0.11977435648441315
14,585,0.13446727395057678
14,590,0.12163715064525604
14,595,0.12803885340690613
14,600,0.13422977924346924
14,605,0.1260850876569748
14,610,0.11917711794376373
14,615,0.10477112233638763
14,620,0.10817663371562958
14,625,0.12984035909175873
14,630,0.1349821239709854
14,635,0.12048628181219101
14,640,0.12794239819049835
14,645,0.10681208223104477
14,650,0.10231698304414749
14,655,0.10080322623252869
14,660,0.11540722846984863
14,665,0.1275404989719391
14,670,0.1306459903717041
14,675,0.11944369226694107
14,680,0.1397869884967804
14,685,0.116731196641922
14,690,0.09168563038110733
14,695,0.11860185116529465
14,700,0.1414775550365448
14,705,0.13507872819900513
14,710,0.09533287584781647
14,715,0.1322307139635086
14,720,0.13489195704460144
14,725,0.16300371289253235
14,730,0.11791599541902542
14,735,0.10910080373287201
14,740,0.12816284596920013
14,745,0.13803191483020782
14,750,0.12318385392427444
14,755,0.11368376016616821
14,760,0.1281941682100296
14,765,0.09535424411296844
14,770,0.12363019585609436
14,775,0.10121213644742966
14,780,0.10776910185813904
14,785,0.12351386249065399
14,790,0.10832095146179199
14,795,0.09525217115879059
14,800,0.14821326732635498
14,805,0.10725153237581253
14,810,0.1371690332889557
14,815,0.13202552497386932
14,820,0.11564674973487854
14,825,0.11071851849555969
14,830,0.12500882148742676
14,835,0.13717468082904816
14,840,0.14845392107963562
14,845,0.11155909299850464
14,850,0.1278662532567978
14,855,0.13587325811386108
14,860,0.13711482286453247
14,865,0.12092407047748566
14,870,0.10115234553813934
14,875,0.1489587277173996
14,880,0.11997909843921661
14,885,0.11302228271961212
14,890,0.11212042719125748
14,895,0.14706045389175415
14,900,0.10995081067085266
14,905,0.12142351269721985
14,910,0.12595808506011963
14,915,0.12684303522109985
14,920,0.09517686069011688
14,925,0.09593425691127777
14,930,0.14575527608394623
14,935,0.11161385476589203
14,940,0.10212862491607666
14,945,0.10848691314458847
14,950,0.13690805435180664
14,955,0.13333851099014282
14,960,0.10690683126449585
14,965,0.12093021720647812
14,970,0.11375240981578827
14,975,0.11725815385580063
14,980,0.12757693231105804
14,985,0.10698984563350677
14,990,0.13043713569641113
14,995,0.12153524160385132
14,1000,0.11270400136709213
14,1005,0.11274975538253784
14,1010,0.10156402736902237
14,1015,0.1180792823433876
14,1020,0.11408576369285583
